promotion,parent,coverage
UFC,,full
DWCS,UFC,full
Road to UFC,UFC,full
PRIDE,,full
Strikeforce,,full
WEC,,full
DREAM,,full
Affliction,,full
WFA,,full
Yarrenoka!,,full
EliteXC,ProElite,partial
ProElite,,partial
K-1,,partial
HERO'S,K-1,partial
Dynamite!!,K-1,partial
Shooto,,partial
Shooto Brazil,Shooto,partial
TKO,,partial
UCC,,partial
2H2H,,partial
AFC,,partial
Adrenaline MMA,,partial
BRI,,partial
BodogFight,,partial
Brazil Open,,partial
Bushido Europe,,partial
CWFC,,partial
Cage Rage,,partial
DEEP,,partial
EC,,partial
FFC,,partial
Floripa Fight,,partial
Freedom Fight,,partial
Fury FC,,partial
GC,,partial
Gladiator FC,,partial
HCF,,partial
Heat FC,,partial
IFC,,partial
IFL,,partial
Impact FC,,partial
Inoki Bom-Ba-Ye,,partial
Invicta FC,,partial
Jungle Fight,,partial
KOTC,,partial
M-1,,partial
Mass Destruction,,partial
Meca,,partial
NJPW,,partial
ONE FC,,partial
Pancrase,,partial
Predator FC,,partial
ROTR,,partial
Sengoku,,partial
Show Fight,,partial
Storm Samurai,,partial
SuperBrawl,,partial
Titan Fighting Championship,,partial
UFO,,partial
Ultimate Gladiators,,partial
Ultimate Glory,,partial
Vale Tudo Japan,,partial
WAFF,,partial
WCFC,,partial
WEF,,partial
WFC,,partial
WPFC,,partial
